{"assets/graphemes/consonants/chj.png":["assets/graphemes/consonants/chj.png"],"assets/graphemes/consonants/ckg.png":["assets/graphemes/consonants/ckg.png"],"assets/graphemes/consonants/fv.png":["assets/graphemes/consonants/fv.png"],"assets/graphemes/consonants/h.png":["assets/graphemes/consonants/h.png"],"assets/graphemes/consonants/l.png":["assets/graphemes/consonants/l.png"],"assets/graphemes/consonants/m.png":["assets/graphemes/consonants/m.png"],"assets/graphemes/consonants/n.png":["assets/graphemes/consonants/n.png"],"assets/graphemes/consonants/ng.png":["assets/graphemes/consonants/ng.png"],"assets/graphemes/consonants/none.png":["assets/graphemes/consonants/none.png"],"assets/graphemes/consonants/pb.png":["assets/graphemes/consonants/pb.png"],"assets/graphemes/consonants/r.png":["assets/graphemes/consonants/r.png"],"assets/graphemes/consonants/shzh.png":["assets/graphemes/consonants/shzh.png"],"assets/graphemes/consonants/sz.png":["assets/graphemes/consonants/sz.png"],"assets/graphemes/consonants/td.png":["assets/graphemes/consonants/td.png"],"assets/graphemes/consonants/th.png":["assets/graphemes/consonants/th.png"],"assets/graphemes/consonants/w.png":["assets/graphemes/consonants/w.png"],"assets/graphemes/consonants/y.png":["assets/graphemes/consonants/y.png"],"assets/graphemes/diacritics/long.png":["assets/graphemes/diacritics/long.png"],"assets/graphemes/diacritics/upper.png":["assets/graphemes/diacritics/upper.png"],"assets/graphemes/diacritics/voiced.png":["assets/graphemes/diacritics/voiced.png"],"assets/graphemes/punctuation/line.png":["assets/graphemes/punctuation/line.png"],"assets/graphemes/vowels/a.png":["assets/graphemes/vowels/a.png"],"assets/graphemes/vowels/e.png":["assets/graphemes/vowels/e.png"],"assets/graphemes/vowels/i.png":["assets/graphemes/vowels/i.png"],"assets/graphemes/vowels/o.png":["assets/graphemes/vowels/o.png"],"assets/graphemes/vowels/u.png":["assets/graphemes/vowels/u.png"],"assets/ui/cDiacritic.png":["assets/ui/cDiacritic.png"],"assets/ui/other.png":["assets/ui/other.png"],"assets/ui/single.png":["assets/ui/single.png"],"assets/ui/vDiacritic.png":["assets/ui/vDiacritic.png"],"assets/ui/voicable.png":["assets/ui/voicable.png"],"assets/ui/vowel.png":["assets/ui/vowel.png"],"packages/cupertino_icons/assets/CupertinoIcons.ttf":["packages/cupertino_icons/assets/CupertinoIcons.ttf"]}